{"cameraMode":{"drawMode":0,"name":"Shaded","section":"Shading Mode"},"sceneLighting":false,"audioPlay":false,"sceneViewState":{"showFog":true,"showMaterialUpdate":false,"showSkybox":false,"showFlares":true,"showImageEffects":true,"showParticleSystems":true},"in2DMode":false,"pivot":{"x":210.53549194335938,"y":4.2198896408081059,"z":11.43684196472168},"rotation":{"x":-0.025051090866327287,"y":0.10627831518650055,"z":0.0026472245808690788,"w":0.9941030740737915},"size":16.711681365966798,"orthographic":false}