{"cameraMode":{"drawMode":0,"name":"Shaded","section":"Shading Mode"},"sceneLighting":false,"audioPlay":false,"sceneViewState":{"showFog":true,"showMaterialUpdate":false,"showSkybox":false,"showFlares":true,"showImageEffects":true,"showParticleSystems":true},"in2DMode":false,"pivot":{"x":55.31412887573242,"y":2.44950795173645,"z":7.400844573974609},"rotation":{"x":0.05575494468212128,"y":0.03144948184490204,"z":-0.0018225339008495212,"w":0.9980373382568359},"size":9.196548461914063,"orthographic":false}