{"cameraMode":{"drawMode":0,"name":"Shaded","section":"Shading Mode"},"sceneLighting":true,"audioPlay":false,"sceneViewState":{"showFog":true,"showMaterialUpdate":false,"showSkybox":true,"showFlares":true,"showImageEffects":true,"showParticleSystems":true},"in2DMode":false,"pivot":{"x":16.476016998291017,"y":6.59311580657959,"z":0.7570362091064453},"rotation":{"x":0.016644854098558427,"y":0.14051467180252076,"z":-0.002349562244489789,"w":0.9899832606315613},"size":22.0,"orthographic":false}