{"cameraMode":{"drawMode":0,"name":"Shaded","section":"Shading Mode"},"sceneLighting":false,"audioPlay":false,"sceneViewState":{"showFog":true,"showMaterialUpdate":false,"showSkybox":false,"showFlares":true,"showImageEffects":true,"showParticleSystems":true},"in2DMode":false,"pivot":{"x":67.61153411865235,"y":-73.76756286621094,"z":343.39105224609377},"rotation":{"x":0.11108221858739853,"y":0.004468987695872784,"z":-0.0004799070011358708,"w":0.9938279986381531},"size":371.6201477050781,"orthographic":false}