{"cameraMode":{"drawMode":0,"name":"Shaded","section":"Shading Mode"},"sceneLighting":false,"audioPlay":false,"sceneViewState":{"showFog":true,"showMaterialUpdate":false,"showSkybox":false,"showFlares":true,"showImageEffects":true,"showParticleSystems":true},"in2DMode":false,"pivot":{"x":-15.69383716583252,"y":7.749346733093262,"z":-27.04892349243164},"rotation":{"x":0.09284401684999466,"y":-0.024750180542469026,"z":0.002320231171324849,"w":0.9954335689544678},"size":2.8578836917877199,"orthographic":false}