{"cameraMode":{"drawMode":0,"name":"Shaded","section":"Shading Mode"},"sceneLighting":false,"audioPlay":false,"sceneViewState":{"showFog":true,"showMaterialUpdate":false,"showSkybox":false,"showFlares":true,"showImageEffects":true,"showParticleSystems":true},"in2DMode":false,"pivot":{"x":178.92369079589845,"y":7.773843288421631,"z":2.487046480178833},"rotation":{"x":-0.051158539950847629,"y":0.9451609253883362,"z":-0.18110108375549317,"w":-0.267071008682251},"size":2.8578836917877199,"orthographic":false}