{"cameraMode":{"drawMode":0,"name":"Shaded","section":"Shading Mode"},"sceneLighting":false,"audioPlay":false,"sceneViewState":{"showFog":true,"showMaterialUpdate":false,"showSkybox":false,"showFlares":true,"showImageEffects":true,"showParticleSystems":true},"in2DMode":false,"pivot":{"x":47.47496795654297,"y":4.128631591796875,"z":0.7923494577407837},"rotation":{"x":0.19021865725517274,"y":0.3550958037376404,"z":-0.07390809804201126,"w":0.9123616814613342},"size":5.260628700256348,"orthographic":false}