{"cameraMode":{"drawMode":0,"name":"Shaded","section":"Shading Mode"},"sceneLighting":false,"audioPlay":false,"sceneViewState":{"showFog":true,"showMaterialUpdate":false,"showSkybox":false,"showFlares":true,"showImageEffects":true,"showParticleSystems":true},"in2DMode":false,"pivot":{"x":179.6917724609375,"y":7.325563907623291,"z":-0.3134288787841797},"rotation":{"x":-0.038672443479299548,"y":0.2708536386489868,"z":0.010907366871833802,"w":0.9618304967880249},"size":2.8578836917877199,"orthographic":false}